"nd","modulo","explicacion_perfil","tecnicas","adaptaciones"
"Dislexia","3","La dislexia afecta principalmente a la lectura y la escritura, no a la inteligencia ni a la capacidad de comunicarse. Las personas con dislexia suelen tener un estilo de comunicación más oral, visual y narrativo: piensan en imágenes y en historias antes que en palabras escritas. El esfuerzo extra que requiere el texto escrito puede generar inseguridad al expresarse por escrito, pero no refleja sus capacidades reales.","Apóyate en la comunicación oral cuando puedas — explica en voz alta lo que te cuesta poner por escrito|Usa grabaciones de voz para tomar notas o responder mensajes cuando escribir se haga cuesta arriba|Si tienes que escribir, hazlo primero como borrador libre sin corregir: primero el contenido, luego la forma|Usa correctores ortográficos como apoyo, no como sustituto — son una herramienta, no una trampa|Practica el mapeo visual: esquemas, flechas y dibujos para organizar ideas antes de escribirlas","Pide que las instrucciones importantes te las den también de forma oral, no solo por escrito|En conversaciones formales, solicita tiempo extra para leer documentos antes de responder|Informa a personas de confianza de que prefieres comunicarte por voz o videollamada antes que por mensajes largos|En entornos familiares, normaliza el uso de notas de voz en lugar de texto escrito"
"TDAH","3","Las personas con TDAH tienen un estilo comunicativo vivo, espontáneo y asociativo: saltan entre ideas, hacen conexiones inesperadas y piensan en voz alta. Esto puede parecer desorganizado desde fuera, pero refleja una mente que procesa de forma no lineal. La impulsividad puede llevar a interrumpir o a decir cosas sin filtrar, no por falta de respeto sino porque el pensamiento va más rápido que el freno.","Antes de una conversación importante, anota los puntos clave que quieres decir para no perderte en el camino|Practica la pausa de 3 segundos antes de responder en situaciones de tensión — da tiempo al filtro de activarse|Usa listas cortas y puntos visuales para estructurar lo que quieres comunicar por escrito|Si interrumpes con frecuencia, acuerda una señal con personas cercanas para que te lo indiquen sin tensión|Cuando tengas que escribir algo largo, usa voz a texto y luego edita — es más fácil que empezar en blanco","Pide a familiares y amigos cercanos que te recuerden los temas pendientes sin juzgar el olvido|Acuerda formas directas de comunicación: mejor una llamada corta que un hilo de mensajes largo|En conversaciones importantes, pide que te den la información en bloques pequeños y concretos|Normaliza con tu entorno que necesitas confirmación de lo acordado por escrito para no olvidarlo"
"TEA","3","En el TEA, la comunicación suele ser directa, precisa y literal. Las personas autistas tienden a comunicarse de forma honesta y sin rodeos, lo que puede malinterpretarse como brusquedad. El lenguaje figurado, la ironía y las insinuaciones pueden resultar confusos porque el cerebro autista procesa el lenguaje de forma más literal. Esto no es un déficit: es una forma de comunicación diferente que tiene sus propias fortalezas.","Practica preguntar directamente cuando algo no queda claro — pedir aclaraciones no es debilidad|Crea un pequeño glosario personal de expresiones sociales que te resulten confusas y su significado probable|En comunicación escrita, te puede ayudar leer el mensaje en voz alta antes de enviarlo para detectar cómo puede sonar|Si el lenguaje no verbal te cuesta, es válido decirlo: 'no sé bien si eso es una broma o no'|Usa la escritura cuando necesites tiempo para procesar — es completamente válido responder más tarde","Pide a personas cercanas que sean directas contigo y eviten los rodeos o mensajes indirectos|Acuerda con tu entorno que pueden preguntarte directamente cómo estás en lugar de esperar señales no verbales|Normaliza que necesitas procesar antes de responder — no es descortesía, es tu ritmo|En situaciones sociales nuevas, está bien informar a alguien de confianza de que puede ayudarte a interpretar dinámicas grupales"
"AACC","3","Las personas con altas capacidades suelen tener un vocabulario muy amplio y un estilo de comunicación rico y complejo desde edades tempranas. Pueden tener dificultades para adaptar su lenguaje a distintos interlocutores, lo que a veces genera sensación de desconexión social. La intensidad con la que viven las ideas puede hacer que la comunicación sea muy apasionada en algunos momentos y muy directa en otros.","Practica el ajuste de registro: habla diferente con tu abuela que con un colega — ambos son válidos|Cuando notes que pierdes al interlocutor, prueba a hacer una pausa y preguntar: '¿te explico más o menos detalle?'|Trabaja la escucha activa: las AACC a veces van tan rápido que adelantan la respuesta antes de que el otro termine|Usa el humor y la analogía como puentes — conectan tu forma de pensar con la de los demás|Si sientes que nadie te entiende en conversaciones cotidianas, busca espacios donde tu nivel de comunicación sea bienvenido","Pide a tu entorno que te avisen cuando la conversación se ha vuelto unidireccional — sin drama, como señal|Normaliza con personas cercanas que a veces necesitas conversaciones profundas, no solo charla superficial|En familia, acuerda que está bien no saber de todo — la curiosidad no tiene que ser competitiva|Busca al menos un espacio social donde puedas comunicarte sin autocensurarte"
"Discalculia","3","La discalculia afecta al procesamiento numérico, no a la comunicación general. Sin embargo, puede generar dificultades específicas al comunicar cantidades, fechas, horas o instrucciones que implican números. Esto puede provocar inseguridad o evitación en situaciones donde los números son protagonistas.","Apóyate en referencias visuales para comunicar cantidades: 'más o menos como una taza' en lugar de '250ml'|Para fechas y horas, usa siempre un soporte externo — calendario, alarma, nota — y comunícalo abiertamente|Si tienes que dar instrucciones numéricas, escríbelas antes para revisarlas|Practica verbalizar la incertidumbre con los números: 'no estoy segura del número exacto, déjame comprobarlo'|Usa comparaciones y analogías en lugar de cifras cuando sea posible","Pide que las instrucciones con números te las den también por escrito o con referencia visual|Normaliza con tu entorno que necesitas confirmar fechas y cantidades — no es descuido sino estrategia|En contextos familiares, usa herramientas compartidas como calendarios digitales para evitar malentendidos de fechas"
"Dispraxia/TDC","3","La dispraxia afecta principalmente a la coordinación motora, pero también puede influir en la comunicación no verbal: los gestos, la expresión facial y la postura pueden no acompañar al mensaje verbal de forma sincronizada. Esto puede generar malentendidos en la lectura del lenguaje corporal. La comunicación oral suele estar intacta, aunque el procesamiento y la respuesta pueden ser algo más lentos.","Sé explícito/a verbalmente sobre tus intenciones y emociones — no des por sentado que el lenguaje corporal lo comunica|Practica delante del espejo para tomar conciencia de tu expresión facial en distintas situaciones|En conversaciones importantes, prioriza el contenido verbal sobre el no verbal|Si notas que la gente malinterpreta tu expresión, puedes decirlo directamente: 'sé que parezco serio pero estoy bien'|La escritura puede ser un canal más cómodo para comunicar cosas complejas o emocionalmente cargadas","Pide a personas cercanas que no lean demasiado en tu lenguaje corporal y que pregunten directamente|Normaliza que tu ritmo de respuesta puede ser diferente — no es desinterés|En entornos sociales nuevos, está bien presentarte brevemente explicando que tu expresión no verbal puede no coincidir con lo que sientes"
"Síndrome de Tourette","3","El síndrome de Tourette puede afectar a la comunicación cuando los tics vocales o motores interrumpen el flujo del habla o generan reacciones en el interlocutor. Esto puede crear ansiedad anticipatoria en situaciones comunicativas. La persona con Tourette tiene plena capacidad comunicativa — el reto está en gestionar el impacto social de los tics, no en la comunicación en sí.","Informa a personas de confianza sobre el Tourette de forma natural — la educación reduce la incomodidad de ambos lados|Practica respuestas breves y tranquilas para situaciones en que alguien reaccione a un tic: 'es un tic, no pasa nada'|En situaciones de alta tensión comunicativa, técnicas de relajación previas pueden reducir la frecuencia de tics|Elige entornos de comunicación donde te sientas cómodo/a — el estrés amplifica los tics|La comunicación escrita puede ser un canal alternativo valioso cuando los tics generan mucho estrés","Informa a familiares y amigos cercanos para que normalicen los tics sin comentarlos en cada momento|Pide que en conversaciones importantes no se interrumpa ni se reaccione a los tics|En entornos sociales nuevos, decide tú cuándo y cómo informar — es tu información y tu ritmo"
"SPD","3","El trastorno de procesamiento sensorial puede afectar a la comunicación en entornos con mucho ruido, luz intensa o movimiento. La sobrecarga sensorial dificulta el procesamiento del lenguaje y la formulación de respuestas, no porque haya un problema comunicativo sino porque el sistema nervioso está ocupado gestionando el entorno. En condiciones adecuadas, la comunicación suele ser completamente fluida.","Identifica tus umbrales sensoriales: ¿qué entornos dificultan tu comunicación? ¿Ruido, luz, multitud?|Comunica tus necesidades sensoriales antes de situaciones importantes: 'prefiero hablar en un sitio tranquilo'|Si estás en sobrecarga, es válido pedir una pausa antes de responder: 'dame un momento'|Usa comunicación escrita o mensajes de voz como alternativa cuando el entorno no es el adecuado|Practica identificar y nombrar tu estado sensorial — eso te ayuda a comunicarlo a los demás","Pide a tu entorno que las conversaciones importantes sean en espacios tranquilos y sin distractores|Normaliza que necesitas condiciones específicas para comunicarte bien — no es exigencia, es necesidad|En familia, acuerda una señal de 'necesito bajar el volumen' para situaciones de sobrecarga"
"Tartamudez","3","La tartamudez es una disfluencia del habla que afecta al flujo y ritmo de la comunicación oral. No está relacionada con la inteligencia ni con la claridad de pensamiento. El mayor impacto suele venir del entorno — las reacciones de los demás, la presión para hablar rápido y la anticipación a situaciones difíciles pueden aumentar la disfluencia y la ansiedad comunicativa.","Practica hablar a tu propio ritmo sin intentar compensar — la prisa aumenta la disfluencia|El contacto visual puede ser difícil en momentos de mayor disfluencia — no pasa nada si lo reduces|Técnicas de respiración diafragmática antes de situaciones de habla pública pueden reducir la tensión|Identifica tus situaciones de mayor disfluencia y prepárate para ellas con antelación|La comunicación escrita puede ser un apoyo complementario, no un sustituto — el objetivo es sentirte cómodo/a en ambas","Pide a personas cercanas que no terminen tus frases ni te corrijan — que simplemente escuchen|Normaliza con tu entorno que necesitas tiempo para hablar sin que sientan que tienen que rellenar el silencio|En situaciones sociales nuevas, decide tú cuándo informar sobre la tartamudez — no tienes obligación de explicarte"
"Discapacidad Intelectual","3","Las personas con discapacidad intelectual pueden tener un estilo comunicativo más concreto, directo y centrado en el presente. El procesamiento del lenguaje abstracto o complejo puede ser más lento, pero la comunicación de necesidades, emociones y experiencias es completamente posible y rica. El entorno tiene mucha responsabilidad en adaptar su lenguaje para facilitar la comunicación.","Usa lenguaje claro y directo — frases cortas, palabras concretas, un mensaje cada vez|Los apoyos visuales como pictogramas, fotos o gestos pueden complementar la comunicación oral|Practica pedir que te repitan o expliquen de otra manera cuando algo no queda claro|La repetición y la rutina en los intercambios comunicativos ayudan a consolidar la comprensión|Celebra y refuerza los intercambios comunicativos exitosos — la confianza es parte de la habilidad","Pide a familiares y personas cercanas que usen frases cortas, lenguaje concreto y apoyo visual cuando sea necesario|Acuerda señales o palabras clave para situaciones recurrentes — simplifica los intercambios cotidianos|Normaliza que necesitas más tiempo para procesar y responder — la pausa es parte de tu comunicación"
"TOC","3","El TOC puede afectar a la comunicación cuando las obsesiones generan dudas sobre lo dicho, miedo a haber ofendido o necesidad de pedir reaseguración repetida. Esto puede crear patrones comunicativos de verificación que resultan agotadores para la persona y para su entorno. La comunicación en sí no está deteriorada, pero la ansiedad la puede distorsionar.","Practica tolerar la incertidumbre comunicativa: no siempre puedes saber cómo ha sonado algo|Limita los comportamientos de reaseguración — preguntar repetidamente 'te ha molestado lo que dije' mantiene el ciclo|Identifica tus patrones de comunicación obsesiva y trabájalos con apoyo profesional si son muy limitantes|La escritura puede paradójicamente aumentar las compulsiones de revisión — úsala con conciencia|Practica comunicar de forma suficientemente buena, no perfecta","Pide a personas cercanas que no respondan a peticiones repetidas de reaseguración — es parte del manejo del TOC|Acuerda con tu entorno que pueden redirigirte con calma cuando detecten el patrón|Normaliza que puedes cometer errores comunicativos y que no tienen consecuencias catastróficas"
"Mutismo Selectivo","3","El mutismo selectivo es una respuesta de ansiedad que impide hablar en determinados contextos sociales, no una elección ni una falta de habilidad comunicativa. La persona puede comunicarse perfectamente en entornos seguros. El reto está en ampliar gradualmente los contextos en los que la comunicación oral es posible, sin forzar.","Identifica tus entornos seguros de comunicación y úsalos como base para expandirte gradualmente|La comunicación alternativa — escritura, gestos, señalar, mensajes — es completamente válida mientras se trabaja la oral|El objetivo no es hablar en todos los contextos sino reducir el sufrimiento asociado — a tu ritmo|Practica la exposición gradual: desde susurrar a una persona de confianza hasta hablar en grupos pequeños|Celebra cada pequeño avance sin presión por el siguiente","Pide a familiares y amigos que no presionen para hablar ni llamen la atención sobre el silencio|Acuerda formas alternativas de comunicación para situaciones en que hablar no sea posible|Normaliza con el entorno que el silencio no es rechazo ni malestar — es una respuesta de ansiedad|Informa a personas clave de tu entorno social para que puedan actuar como puente en situaciones nuevas"
"Trastorno de Ansiedad Social","3","La ansiedad social afecta directamente a la comunicación en situaciones donde hay evaluación social percibida. El miedo al juicio puede generar bloqueo, habla acelerada, evitación de participar o dificultad para mantener conversaciones. La capacidad comunicativa está intacta — es la ansiedad la que interfiere.","Prepara mentalmente las conversaciones importantes: qué quieres decir, cómo quieres decirlo|Practica la respiración antes de situaciones comunicativas difíciles para bajar la activación|Trabaja la tolerancia al silencio — no tienes que llenar cada pausa|Busca entornos de práctica social de bajo riesgo donde la comunicación sea más fácil|El rol de observador/a activo/a en grupos es completamente válido — escuchar también es comunicar","Pide a personas cercanas que no te pongan en el foco de conversaciones grupales sin avisarte|Acuerda con tu entorno que puedes salir de situaciones sociales sin dar explicaciones largas|Normaliza que necesitas tiempo de recuperación después de situaciones sociales intensas"
"TANV","3","El trastorno de aprendizaje no verbal afecta especialmente a la comunicación no verbal: el lenguaje corporal, el tono de voz, la expresión facial y la distancia social pueden no interpretarse ni expresarse de forma típica. El lenguaje verbal suele estar preservado e incluso ser un punto fuerte. La dificultad está en integrar los canales no verbales de la comunicación.","Apóyate en tu fortaleza verbal: cuando no estés seguro/a de cómo leer una situación, pregunta directamente|Practica identificar emociones en el tono de voz — escucha podcasts o audios y trata de inferir el estado emocional|El texto escrito puede ser más cómodo porque elimina la carga no verbal|Aprende reglas explícitas de comunicación social — para el TANV, lo que es implícito para otros puede volverse explícito|Trabaja con un profesional los aspectos pragmáticos del lenguaje si generan muchos malentendidos","Pide a personas cercanas que sean explícitas sobre sus estados emocionales en lugar de esperar que los infiera|Normaliza que necesitas más contexto verbal para entender situaciones — no es descuido|Acuerda con tu entorno que pueden avisarte cuando hayas malinterpretado una situación, sin drama"
"Dislexia","4","La dislexia afecta a la decodificación lectora y a la escritura, pero no a la comprensión ni a la inteligencia. Las personas con dislexia suelen aprender mejor a través de canales auditivos, visuales y cinestésicos. El aprendizaje basado en texto denso es el más costoso; el aprendizaje multimodal es donde brillan.","Usa audiolibros, podcasts y vídeos como alternativa o complemento a los textos|Cuando leas, usa una regla o el dedo para seguir la línea — reduce el esfuerzo de seguimiento visual|Toma apuntes con mapas mentales o esquemas visuales en lugar de texto lineal|Escucha las notas en voz alta o usa síntesis de voz para repasar|Estudia en sesiones cortas con descansos frecuentes — el esfuerzo lector agota más rápido","Solicita materiales en formatos accesibles: texto digital (para usar lector de pantalla), fuente mayor, interlineado amplio|Pide tiempo extra en evaluaciones escritas — es una adaptación reconocida|En clase o formación, solicita poder grabar las explicaciones en lugar de depender solo de los apuntes|Comunica al profesorado o formadores que tu ritmo lector es diferente, no tu nivel de comprensión"
"TDAH","4","El cerebro con TDAH aprende mejor cuando hay interés, novedad, desafío o urgencia. No es falta de voluntad: es que el sistema de motivación funciona de forma diferente. La función ejecutiva — planificar, iniciar, sostener y completar tareas — es el área de mayor dificultad. Las estrategias más efectivas son las que externalizan esas funciones.","Usa el método Pomodoro: 25 minutos de trabajo + 5 de descanso. El límite temporal activa la concentración|Fragmenta cada tarea en pasos tan pequeños que el primero tarde menos de 2 minutos en hacerse|Externaliza la función ejecutiva: listas físicas, alarmas, calendarios visuales — saca el plan de tu cabeza|Estudia con música instrumental o ruido blanco si el silencio absoluto aumenta la distracción|Alterna tipos de tareas para mantener la novedad — primero lo difícil, cuando el cerebro está fresco","Solicita instrucciones por escrito además de verbales para poder consultarlas después|Pide la posibilidad de hacer pausas activas durante trabajos o estudios largos|En entornos educativos, solicita sentarte en lugares con menos distractores visuales|Comunica que necesitas retroalimentación frecuente — los plazos muy largos sin checkpoints son especialmente difíciles"
"TEA","4","Las personas autistas suelen tener un estilo de aprendizaje muy centrado en el detalle, sistemático y profundo en sus áreas de interés. Aprenden bien cuando las reglas son claras, el entorno es predecible y se les da tiempo suficiente para procesar. Los cambios inesperados y la ambigüedad en las instrucciones son los mayores obstáculos.","Necesitas instrucciones claras y explícitas — si algo es ambiguo, pregunta hasta que quede claro|Crea rutinas de estudio estables: mismo horario, mismo lugar, misma secuencia|Usa esquemas, tablas y estructuras visuales para organizar la información|Cuando aprendes algo nuevo, conectarlo con algo que ya sabes bien acelera la integración|Dale a tu hiperfoco un papel en el aprendizaje — estudiar a través de tus intereses es completamente válido","Solicita que las instrucciones de tareas y evaluaciones sean claras, detalladas y por escrito|Pide tiempo adicional para procesar instrucciones nuevas o cambios de última hora|En entornos educativos, solicita que los cambios de rutina se comuniquen con antelación|Comunica que necesitas saber los criterios de evaluación con claridad antes de empezar"
"AACC","4","Las personas con altas capacidades aprenden con gran rapidez, especialmente en sus áreas de interés. El ritmo estándar de enseñanza puede resultar insuficiente, lo que genera aburrimiento, desconexión o conductas disruptivas que no reflejan falta de capacidad sino exceso de ella. Necesitan profundidad, no solo velocidad.","Busca profundidad en los temas en lugar de solo amplitud — las AACC aprenden mejor cuando van a fondo|Usa el tiempo libre entre tareas para explorar conexiones entre materias o proyectos propios|Proponte retos adicionales cuando el nivel estándar se quede corto|Aprende a manejar el perfeccionismo: hecho y bueno es mejor que perfecto y bloqueado|Cultiva la tolerancia a la frustración — las AACC no siempre tienen facilidad en todo y eso puede sorprenderles","Solicita enriquecimiento curricular o proyectos de ampliación en lugar de más ejercicios del mismo nivel|Pide agrupamiento flexible con alumnos de nivel similar para tareas concretas|En trabajo o formación, propón proyectos de mayor complejidad cuando el nivel estándar resulte insuficiente|Comunica cuando el ritmo es demasiado lento — el aburrimiento tiene consecuencias reales"
"Discalculia","4","La discalculia afecta al procesamiento numérico y al sentido del número: comprender cantidades, recordar hechos aritméticos y manejar operaciones matemáticas puede requerir mucho más esfuerzo que en otras personas. No está relacionada con la inteligencia. Las estrategias más efectivas son las que hacen visible y manipulable lo que para otros es abstracto.","Usa representaciones visuales y manipulables: líneas numéricas, bloques, diagramas|Desglosa cada operación matemática en pasos explícitos escritos — no intentes hacerlo todo en la cabeza|Usa la calculadora como herramienta de apoyo — no es trampa, es accesibilidad|Conecta los números con contextos reales concretos para darles significado|Repite con variación: el mismo concepto desde distintos ángulos hasta que se asiente","Solicita el uso de calculadora en evaluaciones que midan comprensión, no cálculo mecánico|Pide tiempo extra en pruebas con componente numérico|En clase o formación, solicita ejemplos concretos y contextualizados antes de los abstractos|Comunica que necesitas ver los pasos intermedios, no solo el resultado"
"Dispraxia/TDC","4","La dispraxia afecta a la planificación y ejecución motora, lo que puede dificultar la escritura a mano, el uso de materiales y la organización del espacio de trabajo. El aprendizaje en sí no está comprometido, pero los canales motores por los que se expresa sí. Las estrategias más útiles son las que reducen la demanda motora y externalizan la organización.","Usa el teclado en lugar de escritura a mano siempre que sea posible|Organiza el espacio de trabajo de forma estable y predecible — un lugar para cada cosa|Fragmenta las tareas complejas en pasos secuenciales muy concretos|El aprendizaje a través del movimiento y la práctica puede ser más efectivo que el puramente teórico|Usa grabaciones de audio o vídeo para repasar contenidos cuando tomar apuntes es muy costoso","Solicita el uso de ordenador o tablet para tareas escritas|Pide tiempo adicional en evaluaciones con componente escrito o manipulativo|En entornos educativos, solicita que los materiales estén organizados y etiquetados de forma clara|Comunica que la calidad de tu letra no refleja tu nivel de conocimiento"
"Síndrome de Tourette","4","El síndrome de Tourette en sí no afecta directamente al aprendizaje, pero los tics pueden interferir en la concentración y en la escritura. La supresión activa de tics durante el aprendizaje consume energía cognitiva significativa. La comorbilidad frecuente con TDAH o TOC puede añadir dificultades adicionales en función ejecutiva o atención.","Identifica los momentos del día en que los tics son menos frecuentes y úsalos para las tareas más exigentes|Busca entornos de estudio donde puedas liberar tics sin presión social — reduce la carga cognitiva de suprimirlos|Si hay comorbilidad con TDAH, aplica también las estrategias de función ejecutiva|El movimiento y las pausas activas ayudan a regular los tics y a sostener la atención|Usa tecnología de apoyo: dictado por voz, teclado, audiolibros — reduce la demanda motora fina","Solicita un entorno de examen donde los tics no interfieran con otros estudiantes|Pide tiempo adicional si la supresión de tics durante pruebas genera fatiga cognitiva|En clase, solicita flexibilidad en la postura y posibilidad de pequeños movimientos sin que genere atención"
"SPD","4","El procesamiento sensorial atípico puede hacer que el entorno de aprendizaje estándar sea agotador: las luces fluorescentes, el ruido de fondo, la ropa incómoda o el olor de la sala pueden consumir recursos cognitivos antes de que empiece la tarea. Optimizar el entorno sensorial no es un capricho — es una condición para que el aprendizaje pueda suceder.","Diseña tu espacio de estudio con tus necesidades sensoriales: luz cálida, temperatura cómoda, silencio o ruido controlado|Usa auriculares con cancelación de ruido para estudiar en entornos no controlados|Identifica qué estimulación sensorial te ayuda a concentrarte — para algunos es música, para otros silencio total|Toma descansos sensoriales activos: salir al aire libre, movimiento, cambio de entorno|Estudia cuando tu sistema sensorial esté más regulado — no durante ni justo después de una sobrecarga","Solicita poder usar auriculares o tapones durante clases o pruebas|Pide un espacio con menos estímulos sensoriales para evaluaciones si el entorno estándar genera sobrecarga|En casa o trabajo, negocia condiciones de entorno que favorezcan tu concentración|Comunica tus necesidades sensoriales como parte de tu forma de funcionar, no como queja"
"Tartamudez","4","La tartamudez no afecta al aprendizaje ni a la comprensión. El mayor impacto en el entorno educativo y laboral viene de las situaciones de habla pública: leer en voz alta, participar oralmente o hacer presentaciones puede generar ansiedad anticipatoria que interfiere con el rendimiento. La evaluación basada solo en expresión oral puede ser inequitativa.","Prepara con antelación las intervenciones orales que sean predecibles — guión, puntos clave, práctica previa|Identifica qué situaciones de habla son más difíciles y trabájalas gradualmente con apoyo si es posible|El conocimiento profundo del tema reduce la ansiedad y, con ella, la disfluencia|Las evaluaciones escritas son un canal completamente equivalente — no las evites por preferir el oral|Trabaja la aceptación de la disfluencia: intentar ocultarla genera más tensión que gestionarla abiertamente","Solicita alternativas a la lectura en voz alta o participación oral obligatoria|Pide que las presentaciones puedan hacerse en formato escrito, visual o grabado|En entornos educativos, comunica la tartamudez al profesorado para que no se reaccione ante las disfluencias|Solicita tiempo adicional en evaluaciones orales"
"Discapacidad Intelectual","4","El aprendizaje con discapacidad intelectual requiere más tiempo, más repetición y más apoyos concretos. El aprendizaje funcional y contextualizado — aprender haciendo, en situaciones reales — suele ser más efectivo que el abstracto. La motivación y el entorno de seguridad son factores especialmente importantes.","Aprende haciendo: conecta cada contenido con una aplicación práctica concreta|Usa apoyos visuales constantes: pictogramas, esquemas, colores, imágenes|Divide cada tarea en pasos muy pequeños y celebra cada paso completado|La repetición en contextos variados consolida el aprendizaje mejor que el estudio intensivo|Trabaja con rutinas claras y predecibles — la estructura reduce la carga cognitiva","Solicita materiales adaptados: texto simplificado, apoyo visual, pasos desglosados|Pide tiempo adicional y posibilidad de hacer las tareas en varias sesiones|En entornos educativos, solicita apoyo individualizado o trabajo en grupos pequeños|Comunica qué formatos de evaluación son más accesibles para ti"
"TOC","4","El TOC puede interferir en el aprendizaje a través de las compulsiones: revisar repetidamente los apuntes, reescribir hasta que 'quede bien', no poder pasar al siguiente punto hasta haber resuelto el anterior perfectamente. Esto genera bloqueos, agotamiento y sensación de no avanzar aunque se esté trabajando mucho.","Practica el aprendizaje suficientemente bueno: pasar página aunque no esté perfecto es parte del proceso|Pon límites de tiempo a las revisiones — cuando suena el temporizador, se pasa al siguiente tema|Usa el borrador como herramienta: escribir mal a propósito para luego mejorar rompe el ciclo perfectcionista|Identifica cuándo estás en un bucle compulsivo de estudio y aplica una interrupción deliberada|Trabaja con apoyo profesional las compulsiones relacionadas con el estudio si son muy limitantes","Comunica al profesorado o formadores que necesitas límites de tiempo claros para las tareas — los plazos abiertos aumentan las compulsiones|Solicita feedback parcial durante el proceso, no solo al final — reduce la incertidumbre que alimenta el TOC|Acuerda con personas de apoyo señales para identificar y salir de bucles de revisión"
"Mutismo Selectivo","4","El mutismo selectivo afecta principalmente a la participación oral en entornos educativos o laborales donde hay evaluación social. El aprendizaje en sí suele estar completamente preservado. El mayor reto es demostrar ese aprendizaje en un sistema que valora mucho la expresión oral.","Identifica los formatos de evaluación y participación donde te sientes más cómodo/a y úsalos siempre que puedas|La escritura, los proyectos y las entregas digitales son completamente equivalentes a la expresión oral|Trabaja la exposición gradual al entorno de aprendizaje: desde observar hasta participar, a tu ritmo|El aprendizaje autónomo — lectura, vídeos, práctica individual — puede ser especialmente cómodo|Celebra la participación en cualquier formato, no solo la oral","Solicita alternativas a la participación oral obligatoria: entregas escritas, grabaciones, proyectos|Pide que el profesorado no te llame a participar de forma inesperada|Comunica con antelación al profesorado o responsables para que puedan crear condiciones de seguridad|En trabajo, solicita poder contribuir por escrito en reuniones o presentaciones"
"Trastorno de Ansiedad Social","4","La ansiedad social puede interferir en el aprendizaje en entornos grupales, en las evaluaciones orales y en cualquier situación donde el rendimiento sea observado. La ansiedad anticipatoria puede consumir recursos cognitivos antes incluso de que empiece la tarea. En condiciones de bajo estrés social, el aprendizaje suele ser completamente fluido.","Prepara con antelación las situaciones de aprendizaje social que generen más ansiedad|Usa el aprendizaje autónomo y en solitario como base sólida antes de la exposición grupal|Practica la autocompasión: cometer errores delante de otros es parte del aprendizaje, no una catástrofe|Identifica los entornos de aprendizaje donde la ansiedad es más manejable y úsalos como punto de partida|Trabaja con apoyo profesional si la ansiedad social limita significativamente el acceso a la formación","Solicita alternativas a presentaciones o evaluaciones orales en grupo|Pide poder hacer preguntas al profesorado de forma individual, no solo en clase|En entornos laborales, solicita recibir el orden del día de las reuniones con antelación|Comunica que el trabajo en solitario o en parejas puede ser más productivo para ti que el trabajo en grupo grande"
"TANV","4","El trastorno de aprendizaje no verbal afecta especialmente a las materias con componente visual-espacial: matemáticas, geometría, mapas, gráficas. El lenguaje verbal y la memoria verbal son puntos fuertes. Las dificultades aparecen cuando hay que integrar información visual compleja, inferir reglas no explícitas o adaptarse a situaciones nuevas.","Apóyate en tu fortaleza verbal: convierte los problemas visuales en descripciones verbales paso a paso|Solicita explicaciones verbales explícitas de lo que otros entienden visualmente de forma intuitiva|Usa reglas explícitas y procedimientos paso a paso para resolver problemas — evita la intuición visual|La lectura y la escritura son tus canales fuertes — úsalos para consolidar cualquier aprendizaje|Anticipa las situaciones nuevas con información verbal detallada — el TANV necesita contexto explícito","Solicita que los contenidos visuales (mapas, gráficas, esquemas) vengan acompañados de explicación verbal|Pide instrucciones explícitas y detalladas para tareas nuevas — no des por sentado que lo implícito se entiende|En evaluaciones con componente espacial o visual, solicita tiempo adicional|Comunica al profesorado que necesitas que las reglas implícitas se hagan explícitas"
"Dislexia","5","La dislexia no afecta directamente a las habilidades sociales, pero puede generar inseguridad en situaciones donde la lectura o escritura tienen un rol social: leer en voz alta en grupo, escribir mensajes rápidos, participar en chats. El impacto social de la dislexia es principalmente emocional: vergüenza, evitación o sensación de ser menos capaz.","Sé selectivo/a con los entornos sociales digitales: no tienes que participar en todos los chats grupales|Comparte con personas de confianza que tienes dislexia — la comprensión reduce la presión|Busca grupos sociales donde el lenguaje escrito no sea el canal principal de interacción|Recuerda que tu valor en una relación no depende de tu ortografía|Las notas de voz son completamente válidas en entornos informales — úsalas sin vergüenza","Comunica a personas cercanas que prefieres comunicación oral o por voz sobre texto escrito|Pide que no se comenten errores ortográficos en mensajes informales|Normaliza con tu entorno que tardas más en responder mensajes escritos — no es descortesía"
"TDAH","5","El TDAH puede generar dificultades sociales relacionadas con la impulsividad, la dificultad para escuchar sin interrumpir y el olvido de compromisos sociales. Esto puede interpretarse erróneamente como desinterés o falta de respeto. Al mismo tiempo, la energía, el entusiasmo y la creatividad de las personas con TDAH pueden ser muy valorados socialmente.","Usa un calendario o app de recordatorios para los planes sociales — el olvido no es falta de interés|Practica la escucha activa: cuando notes que quieres interrumpir, anota mentalmente el punto y espera|Elige entornos sociales con estructura o actividad — las conversaciones sin guión pueden ser más difíciles|Si cancelas planes con frecuencia, comunícalo con honestidad — la transparencia mantiene las relaciones|Busca amigos y comunidades que valoren tu energía y espontaneidad en lugar de juzgar tu impulsividad","Pide a personas cercanas que te recuerden los planes con anticipación, no solo el día antes|Acuerda señales con amigos de confianza para cuando estés dominando demasiado la conversación|Normaliza con tu entorno que necesitas más estructura en los planes para poder cumplirlos"
"TEA","5","La socialización en el TEA sigue reglas diferentes, no ausentes. Las personas autistas suelen preferir relaciones profundas y honestas sobre las superficiales y convencionales. Los entornos sociales no estructurados, con mucha gente y reglas implícitas, pueden ser agotadores. Pero en contextos adecuados — grupos de interés compartido, relaciones individuales de confianza — la conexión es plena.","Busca grupos organizados en torno a intereses compartidos — la actividad da estructura a la interacción|La calidad sobre la cantidad: una o dos relaciones profundas son completamente válidas|Identifica tus límites de socialización y respétalos — el agotamiento social (autistic burnout) es real|Aprende a reconocer cuándo necesitas tiempo de recuperación después de interacciones sociales exigentes|Comunica tus necesidades sociales con honestidad a las personas de confianza — quienes te quieren bien lo entenderán","Pide a amigos y familiares que entiendan que necesitas tiempo de descanso después de socializar|Normaliza que prefieres planes con estructura y aviso previo sobre los espontáneos|Comunica que el silencio compartido no es incomodidad — para muchas personas autistas es una forma de conexión|Busca comunidades autistas o neurodivergentes donde las normas sociales sean más explícitas y flexibles"
"AACC","5","Las personas con altas capacidades pueden experimentar dificultades para encontrar pares con quienes conectar a nivel intelectual y emocional. La intensidad con la que viven las relaciones puede resultar abrumadora para otros. La doble excepcionalidad (AACC + otra ND) puede añadir una capa más de complejidad a la socialización.","Busca activamente comunidades donde tu nivel de intensidad e interés sea bienvenido|Aprende a modular la intensidad según el contexto — no cada relación tiene que ser profunda|La soledad elegida es completamente válida — no toda persona con AACC necesita una red social amplia|Trabaja la tolerancia a la imperfección de las relaciones — las personas no siempre estarán a tu nivel y eso está bien|Cultiva relaciones con personas de distintos perfiles — la diversidad enriquece aunque no siempre haya sintonía total","Busca grupos o comunidades de AACC, filosofía, ciencia, arte o cualquier área de profundo interés|Comunica a personas cercanas que necesitas conversaciones sustanciales, no solo charla social|Normaliza que tienes un círculo social pequeño pero intenso — eso no es un problema"
"Discalculia","5","La discalculia no afecta directamente a la socialización. El impacto social puede aparecer en situaciones donde los números tienen un rol: dividir cuentas, calcular propinas, seguir horarios grupales. La inseguridad generada puede llevar a la evitación de ciertas situaciones sociales.","Usa apps de calculadora o división de cuentas para situaciones con números en entornos sociales|Sé directo/a con amigos de confianza: 'los números se me dan mal, ¿puedes ayudarme con esto?'|Elige roles en planes grupales que no dependan del cálculo numérico|No dejes que la inseguridad con los números te haga evitar situaciones sociales que disfrutes","Pide a personas cercanas que no llamen la atención sobre tus dificultades con los números en público|Normaliza el uso de apoyo externo para cálculos en situaciones sociales — todo el mundo usa el móvil"
"Dispraxia/TDC","5","La dispraxia puede generar dificultades en actividades sociales con componente motor: deportes de equipo, baile, juegos de habilidad física. Esto puede generar exclusión o vergüenza en entornos donde esas actividades son centrales. La socialización en sí no está comprometida.","Busca actividades sociales que no dependan de la coordinación motora como eje principal|Comunica con humor y naturalidad tus dificultades motrices — la autoaceptación desactiva la incomodidad social|Elige deportes o actividades físicas adaptadas o de bajo componente coordinativo si quieres la dimensión física|Los juegos de mesa, conversación, arte u otras actividades pueden ser excelentes ejes sociales","Pide a amigos que elijan actividades sociales variadas, no siempre centradas en lo físico|Normaliza con tu entorno que el deporte de equipo no es tu fuerte sin que eso suponga exclusión"
"Síndrome de Tourette","5","El síndrome de Tourette puede generar situaciones de incomodidad social por la reacción de otros ante los tics. Esto puede llevar a la evitación de situaciones sociales o a un esfuerzo agotador de supresión en público. Con el tiempo y con entornos de aceptación, la mayoría de personas con Tourette construyen redes sociales sólidas.","Elige con quién compartir información sobre el Tourette y cuándo — es tu información|Prepara respuestas breves y tranquilas para reacciones de desconocidos: normaliza sin exceso de explicación|Busca comunidades y grupos donde el Tourette sea conocido y aceptado|La aceptación propia es la base de la aceptación social — cuanto más cómodo/a estés tú, más cómodos estarán los demás|Conecta con otras personas con Tourette — la comprensión mutua es especialmente valiosa","Informa a amigos y familia sobre el Tourette para que puedan apoyarte y normalizar ante otros|Pide que no comenten ni reaccionen a los tics en situaciones sociales|Busca entornos sociales donde ya haya comprensión o donde puedas educar sin agotarte"
"SPD","5","El procesamiento sensorial atípico puede hacer que los entornos sociales típicos — bares, fiestas, conciertos, restaurantes ruidosos — sean difíciles de tolerar. Esto puede generar la percepción de que la persona evita socializar, cuando en realidad evita los estímulos del entorno, no a las personas.","Propón entornos alternativos para socializar: espacios tranquilos, al aire libre, casas en lugar de locales|Comunica tus necesidades sensoriales con naturalidad: 'prefiero sitios menos ruidosos'|Planifica el tiempo de recuperación después de entornos sensorialmente exigentes|Busca amigos que valoren los planes tranquilos tanto como los planes de alto estímulo|Lleva siempre contigo tus herramientas de regulación sensorial: tapones, auriculares, gafas de sol","Pide a amigos que consideren tus necesidades sensoriales al elegir planes|Normaliza salir antes de tiempo si la sobrecarga es mucha — sin necesidad de gran explicación|Comunica a personas cercanas que necesitas tiempo de recuperación después de socializar en entornos exigentes"
"Tartamudez","5","La tartamudez puede generar ansiedad social específica en situaciones donde hay que hablar: presentaciones, conocer gente nueva, pedir en un bar. Esto puede llevar a la evitación social o al camuflaje, que resulta agotador. La socialización plena es completamente posible con el apoyo adecuado y la aceptación propia.","Trabaja la aceptación de la tartamudez como parte de ti — la incomodidad de los demás es su trabajo, no el tuyo|Practica situaciones sociales de bajo riesgo para ganar confianza gradualmente|Informa a personas nuevas sobre la tartamudez cuando lo consideres oportuno — reduce la tensión de ambos lados|Busca comunidades de personas con tartamudez — la identificación y el apoyo mutuo son muy valiosos|Celebra cada situación social donde hayas participado plenamente, independientemente de la fluidez","Pide a amigos que no terminen tus frases ni reaccionen a las disfluencias|Normaliza que necesitas un momento antes de hablar en situaciones nuevas|Busca grupos sociales donde la comunicación sea valorada por su contenido, no por su forma"
"Discapacidad Intelectual","5","La socialización es una dimensión especialmente importante para las personas con discapacidad intelectual. Las relaciones de apoyo, amistad y pertenencia contribuyen directamente al bienestar. Los retos pueden aparecer en la lectura de intenciones sociales, en la asertividad o en el manejo de situaciones sociales complejas.","Practica habilidades sociales básicas en entornos seguros y de confianza|Aprende a reconocer situaciones de abuso o manipulación con apoyo de personas de confianza|Busca grupos sociales estructurados con actividades claras — reducen la ambigüedad social|Celebra y refuerza las relaciones positivas que ya tienes|La red de apoyo — familia, cuidadores, amigos — es un recurso valioso, no una limitación","Busca actividades sociales adaptadas o en grupos de apoyo con personas de perfiles similares|Pide a familiares y cuidadores que apoyen la creación de vínculos sociales sin sobreproteger|Comunica cuándo una situación social te genera malestar para que personas de confianza puedan ayudar"
"TOC","5","El TOC puede generar dificultades sociales cuando las obsesiones o compulsiones interfieren en las relaciones: miedo a contaminar, a dañar a otros, rituales visibles en público, peticiones repetidas de reaseguración. La persona con TOC puede evitar situaciones sociales para evitar los desencadenantes o por vergüenza.","Trabaja con apoyo profesional las obsesiones que más impactan en tu vida social|Informa a personas muy cercanas sobre el TOC cuando la relación lo permita — la comprensión reduce la tensión|Practica tolerar la incertidumbre social: no siempre puedes saber cómo te han percibido|Busca comunidades de personas con TOC — la normalización y el apoyo mutuo son muy valiosos|Distingue entre evitación por comodidad y evitación compulsiva — la segunda alimenta el TOC","Pide a personas muy cercanas que no respondan a peticiones repetidas de reaseguración social|Normaliza con tu entorno que a veces necesitas retirarte de situaciones sociales para gestionar la ansiedad|Busca grupos sociales de apoyo para personas con TOC o ansiedad"
"Mutismo Selectivo","5","El mutismo selectivo tiene un impacto directo en la socialización, especialmente en contextos nuevos o con personas desconocidas. Puede generar aislamiento social no deseado o malinterpretarse como arrogancia o desinterés. Las relaciones profundas y de confianza son completamente posibles — el reto está en los primeros contactos.","Construye relaciones desde canales alternativos: texto, mensajes, actividades compartidas sin necesidad de habla inicial|Busca entornos sociales donde el silencio sea aceptable: actividades en paralelo, naturaleza, juegos|Comunica de alguna forma — gesto, nota, mensaje — que estás presente aunque no puedas hablar|Trabaja la exposición gradual a situaciones sociales nuevas con apoyo profesional si es posible|Celebra cada conexión social que hayas podido establecer, en el formato que sea","Pide a amigos de confianza que actúen como puente en situaciones sociales nuevas|Normaliza con tu círculo que no hablar no significa no querer estar|Busca comunidades online o grupos de interés donde la interacción escrita sea la norma"
"Trastorno de Ansiedad Social","5","La ansiedad social afecta directamente a la cantidad y calidad de las interacciones sociales. El miedo al juicio, a decir algo inadecuado o a ser rechazado puede llevar a la evitación progresiva que, a su vez, refuerza la ansiedad. La exposición gradual con apoyo es el camino más efectivo.","Empieza por situaciones sociales de bajo riesgo y ve ampliando gradualmente|Trabaja la autocompasión: cometer errores sociales es universal, no una catástrofe personal|Practica desafiar los pensamientos de catástrofe social: ¿qué probabilidad real hay de que pase lo peor?|Busca grupos o actividades con estructura — reducen la incertidumbre de la interacción libre|Trabaja con apoyo profesional si la evitación social está limitando significativamente tu vida","Pide a personas cercanas que te avisen antes de situaciones sociales inesperadas|Normaliza que necesitas tiempo de recuperación después de socializar|Busca grupos de apoyo para ansiedad social — saber que no estás solo/a tiene un efecto muy potente"
"TANV","5","El trastorno de aprendizaje no verbal puede generar dificultades sociales por la dificultad para leer el lenguaje no verbal: expresiones faciales, tono de voz, lenguaje corporal. Las reglas sociales implícitas pueden resultar confusas. Esto puede generar malentendidos frecuentes o sensación de no encajar, a pesar de tener buenas intenciones sociales.","Aprende reglas sociales de forma explícita — lo que para otros es intuición para ti puede ser conocimiento|Practica preguntar directamente cuando no entiendas una situación social|Busca personas que sean directas y explícitas en su comunicación — son más fáciles de leer|La amistad basada en actividades compartidas o conversación verbal puede ser más cómoda que la que depende del lenguaje no verbal|Trabaja con apoyo profesional los aspectos pragmáticos de la interacción social si generan muchos problemas","Pide a personas cercanas que sean explícitas sobre sus estados emocionales y sus intenciones|Normaliza que necesitas más contexto en situaciones sociales ambiguas|Busca grupos sociales con normas claras y explícitas — los entornos muy informales pueden ser más difíciles"
"Dislexia","6","La dislexia no afecta directamente a la propiocepción ni al procesamiento sensorial en la mayoría de los casos. Sin embargo, la tensión acumulada por el esfuerzo cognitivo constante puede manifestarse corporalmente: fatiga, tensión cervical, dolores de cabeza relacionados con la lectura prolongada. El cuerpo necesita descanso activo después de esfuerzos lectores intensos.","Incorpora pausas activas durante la lectura o escritura: cada 20-30 minutos, movimiento y descanso visual|Practica la regla 20-20-20: cada 20 minutos, mira a 20 metros durante 20 segundos para descansar la vista|El movimiento antes del estudio puede mejorar la activación y reducir la fatiga posterior|Explora si hay condiciones de luz que faciliten la lectura — algunos perfiles con dislexia se benefician de overlays de color|Identifica cómo se manifiesta el agotamiento lector en tu cuerpo y toma eso como señal de pausa","Organiza el espacio de lectura y escritura con buena iluminación y sin reflejos|Pide pausas activas en sesiones largas de trabajo escrito|Explora con un especialista si los overlays de color o lentes tintadas pueden reducir la fatiga visual"
"TDAH","6","Las personas con TDAH suelen tener una relación intensa con el cuerpo: alta energía, necesidad de movimiento, dificultad para permanecer quietos durante mucho tiempo. La hiperactividad física no es un problema a eliminar sino una necesidad a canalizar. El movimiento no solo no interfiere con la concentración — para muchos la mejora.","Incorpora movimiento en tu rutina de estudio o trabajo: pasea mientras piensas, usa una pelota de ejercicio, haz pausa activa|Practica deporte o actividad física regular — regula la dopamina y mejora la función ejecutiva de forma sostenida|El fidgeting (juguetes antiestrés, bolígrafos para maniobrar) puede ayudar a mantener la concentración sin distraer|Identifica qué nivel de activación física necesitas para estar en tu punto óptimo de atención|Explora la meditación de movimiento (yoga, tai chi) como alternativa a la meditación estática","Pide poder levantarte y moverte durante sesiones largas de trabajo o estudio|Solicita la posibilidad de usar herramientas de fidgeting discretas en clase o reuniones|Negocia con tu entorno pausas activas regulares en lugar de sesiones largas sin movimiento"
"TEA","6","Muchas personas autistas tienen un perfil sensorial atípico: hipo o hipersensibilidad en distintas modalidades sensoriales. El procesamiento sensorial puede ser intenso y agotador en entornos no controlados. La propiocepción también puede estar afectada: la conciencia del propio cuerpo, la tolerancia al tacto y la necesidad de estimulación profunda varían mucho entre personas.","Mapea tu perfil sensorial: ¿qué sentidos son hipersensibles? ¿cuáles hiposensibles? Eso define tus estrategias|La estimulación propioceptiva profunda — mantas con peso, ropa ajustada, presión firme — puede ser muy reguladora|Identifica tus estresores sensoriales principales y diseña estrategias de evitación o amortiguación|Los stims (movimientos repetitivos de autorregulación) no son un problema — son una herramienta. No los suprimas|Crea un espacio o rutina de descompresión sensorial para después de entornos exigentes","Organiza tu entorno doméstico o de trabajo con tus necesidades sensoriales como prioridad|Informa a personas cercanas sobre tus necesidades sensoriales para que puedan apoyarte|Trabaja con un terapeuta ocupacional especializado en sensorialidad si el perfil sensorial interfiere significativamente en tu vida"
"AACC","6","Las personas con altas capacidades suelen tener una sensibilidad elevada también a nivel físico: mayor reactividad al dolor, al ruido, a las texturas, a la temperatura. Esto está relacionado con la sobreexcitabilidad psicomotriz y sensorial descrita por Dabrowski. El cuerpo puede ser un canal de procesamiento emocional e intelectual de alta intensidad.","Reconoce la sobreexcitabilidad sensorial como parte de tu perfil — no es exageración|Practica actividades físicas que canalicen la energía y la intensidad: deporte, danza, artes marciales|El contacto con la naturaleza puede ser especialmente regulador para perfiles de alta sensibilidad|Trabaja el autocuidado corporal como práctica consciente, no como obligación|Explora técnicas de regulación que combinen cuerpo y mente: yoga, mindfulness, respiración","Organiza tu entorno con atención a los estresores sensoriales que más te afectan|Comunica a personas cercanas que tu sensibilidad física es real y no una exageración|Busca actividades físicas que disfrutes y que te regulen, no solo las que se supone que deberías hacer"
"Discalculia","6","La discalculia no afecta directamente a la propiocepción ni al procesamiento sensorial. Sin embargo, puede generar dificultades en actividades que implican estimaciones de tiempo, distancia o cantidad corporal: calcular cuánto tiempo llevas caminando, estimar distancias, seguir ritmos musicales basados en conteo.","Usa apoyos externos para la gestión temporal del cuerpo: temporizadores, alarmas, recordatorios de movimiento|Practica actividades físicas sin componente de conteo o medición estricta: paseo libre, baile intuitivo, natación|Explora el movimiento como experiencia sensorial en lugar de como rendimiento medible|Trabaja la interocepcón: aprende a escuchar las señales de tu cuerpo (hambre, cansancio, tensión) como información","Usa alarmas para recordar pausas de movimiento o descanso en lugar de depender del sentido del tiempo|Elige actividades físicas donde el conteo no sea central si te genera estrés"
"Dispraxia/TDC","6","La dispraxia afecta directamente a la propiocepción y a la planificación motora. La conciencia del propio cuerpo en el espacio puede ser reducida, lo que genera torpeza, dificultad para aprender movimientos nuevos y fatiga al realizar tareas motoras que para otros son automáticas. El cuerpo requiere más atención consciente para funciones que en otros son inconscientes.","La terapia ocupacional es el recurso más efectivo — un profesional puede diseñar un programa personalizado|Practica actividades que mejoren la propiocepción: yoga, tai chi, natación — movimientos lentos y conscientes|El entrenamiento motor requiere mucha más repetición que en personas sin dispraxia — normaliza ese ritmo|Trabaja la conciencia corporal de forma explícita: ejercicios de atención al cuerpo, respiración, equilibrio|El cansancio físico en tareas motoras cotidianas es real — programa descansos y no te exijas el estándar de otro","Trabaja con un terapeuta ocupacional si las dificultades motrices afectan a las actividades cotidianas|Organiza el entorno para reducir las demandas motoras: objetos accesibles, superficies despejadas|Elige actividades físicas adaptadas a tu perfil motor — el deporte de equipo de alta coordinación puede no ser la mejor opción|Pide apoyo sin vergüenza en tareas que requieran coordinación fina o gruesa"
"Síndrome de Tourette","6","El síndrome de Tourette implica tics motores que el cuerpo realiza de forma involuntaria. La supresión activa de tics consume energía física y cognitiva significativa. Después de periodos de supresión, suele haber un rebote de tics. El cuerpo necesita espacios donde los tics puedan expresarse libremente para recuperarse.","Crea espacios y momentos donde puedas liberar tics sin presión social — es necesario para el bienestar|Identifica qué situaciones aumentan la frecuencia de tics (estrés, cansancio, emoción intensa) y gestiona esas variables|El ejercicio físico puede reducir la frecuencia de tics en algunas personas — explora qué funciona para ti|Técnicas de relajación y mindfulness pueden ayudar a gestionar la tensión asociada a los tics|Trabaja con un neurólogo o psicólogo especializado si los tics son muy limitantes","Crea en casa un entorno donde los tics no necesiten ser suprimidos|Comunica a personas cercanas que necesitas momentos de descompresión sin expectativas|Busca actividades físicas donde el movimiento sea libre y los tics no interfieran"
"SPD","6","El trastorno de procesamiento sensorial es, por definición, una condición que afecta profundamente a la experiencia corporal. El sistema nervioso procesa los estímulos sensoriales de forma diferente: algunos son amplificados (hipersensibilidad), otros apenas registrados (hiposensibilidad). La regulación sensorial es el trabajo central de este módulo.","Mapea detalladamente tu perfil sensorial con ayuda de un terapeuta ocupacional si es posible|La estimulación propioceptiva profunda (mantas con peso, abrazo firme, ejercicio de resistencia) es reguladora para muchos perfiles SPD|Crea una 'dieta sensorial' personalizada: qué estimulación necesitas, cuándo y cómo incorporarla en el día|Identifica tus señales de sobrecarga sensorial temprana para actuar antes de llegar al colapso|El entorno físico es tu primera herramienta: luz, sonido, temperatura, texturas — controla lo que puedas","Trabaja con un terapeuta ocupacional especializado en procesamiento sensorial|Organiza tu espacio de vida con tus necesidades sensoriales como criterio principal|Informa a personas cercanas sobre tu perfil sensorial para que puedan apoyarte y evitar desencadenantes|Comunica en entornos laborales o educativos las adaptaciones de entorno que necesitas"
"Tartamudez","6","La tartamudez tiene una importante dimensión corporal: la tensión muscular en garganta, mandíbula y pecho, la respiración que se altera antes de situaciones difíciles, la activación fisiológica del estrés anticipatorio. Trabajar el cuerpo es una parte esencial del abordaje de la tartamudez, complementaria al trabajo logopédico.","Practica la respiración diafragmática como técnica de regulación antes de situaciones de habla difíciles|Trabaja la relajación muscular progresiva, especialmente en cuello, mandíbula y hombros|El ejercicio físico regular ayuda a gestionar la activación general y reduce la tensión basal|La conciencia corporal (mindfulness, yoga) puede ayudar a detectar y liberar tensiones antes de hablar|Explora técnicas de fluidez con un logopeda especializado en tartamudez","Busca espacios físicos donde te sientas cómodo/a para practicar el habla sin tensión|Incorpora rutinas de relajación física antes de situaciones sociales o laborales exigentes|Trabaja con un logopeda especializado si todavía no lo haces"
"Discapacidad Intelectual","6","La conciencia corporal y la regulación sensorial son áreas que pueden requerir apoyo específico en la discapacidad intelectual. El reconocimiento de las propias necesidades físicas (hambre, cansancio, malestar, placer) y la expresión de esas necesidades puede necesitar trabajo explícito.","Trabaja el reconocimiento de sensaciones corporales básicas con apoyos visuales si es necesario|Establece rutinas corporales predecibles: horas de comida, descanso, movimiento|La actividad física regular y placentera contribuye al bienestar general y a la regulación|Practica nombrar sensaciones físicas: 'tengo calor', 'me duele aquí', 'estoy cansado/a'|El contacto con la naturaleza y el movimiento libre tienen efectos muy positivos en el bienestar","Crea rutinas corporales claras y predecibles con apoyo de familiares o cuidadores|Trabaja con un terapeuta ocupacional si hay dificultades significativas de procesamiento sensorial o propiocepción|Enseña y practica la comunicación de necesidades físicas en entornos seguros"
"TOC","6","El TOC tiene una dimensión corporal importante: la ansiedad se manifiesta físicamente (tensión, taquicardia, sensación de urgencia) y muchas compulsiones implican el cuerpo (lavado, comprobación, rituales físicos). Aprender a regular la respuesta corporal de ansiedad es una parte esencial del manejo del TOC.","Aprende a reconocer las señales físicas tempranas del TOC: dónde se manifiesta la ansiedad en tu cuerpo|La activación física (ejercicio aeróbico) reduce la ansiedad general y puede interrumpir ciclos obsesivos|Técnicas de regulación del sistema nervioso (respiración, movimiento, frío) pueden ayudar en momentos de alta compulsión|Practica tolerancia a la incomodidad física asociada a no realizar la compulsión — es temporal|Trabaja con un profesional la respuesta corporal de ansiedad como parte del tratamiento del TOC","Incorpora actividad física regular como parte del manejo del TOC|Crea rutinas de regulación corporal para momentos de alta ansiedad|Trabaja con un psicólogo especializado en TOC — el abordaje corporal es parte del tratamiento integral"
"Mutismo Selectivo","6","El mutismo selectivo tiene una base de ansiedad que se manifiesta físicamente: bloqueo vocal, tensión muscular, activación del sistema nervioso autónomo. Trabajar la regulación del sistema nervioso es fundamental para reducir la respuesta de congelación que impide hablar.","Practica técnicas de regulación del sistema nervioso: respiración lenta, movimiento suave, contacto con el suelo|El ejercicio físico regular reduce la activación basal de ansiedad|Identifica en tu cuerpo las señales de que la ansiedad está subiendo antes del bloqueo — ese es el momento de actuar|El yoga, el tai chi o la danza pueden ser formas de conectar con el cuerpo y regular el sistema nervioso|Trabaja con un psicólogo especializado en ansiedad y mutismo selectivo","Crea rutinas de regulación corporal antes de situaciones potencialmente difíciles|Incorpora movimiento y descanso en tu día como herramientas de regulación, no como obligaciones|Busca apoyo profesional si la respuesta de ansiedad corporal es muy intensa o frecuente"
"Trastorno de Ansiedad Social","6","La ansiedad social tiene una expresión corporal clara: taquicardia, sudoración, rubor, tensión muscular, temblor. Estos síntomas físicos pueden ser percibidos por la persona y aumentar la ansiedad ('me van a notar'). Trabajar la regulación corporal de la ansiedad es tan importante como trabajar los pensamientos.","Aprende a reconocer tu respuesta física de ansiedad social — ¿dónde la notas? ¿cómo empieza?|Practica la respiración abdominal lenta como técnica de regulación inmediata en situaciones de ansiedad|El ejercicio aeróbico regular es uno de los ansiolíticos naturales más efectivos|Practica la exposición gradual a situaciones de activación moderada — el cuerpo aprende que puede manejarla|Trabaja con un profesional si la respuesta física de ansiedad es muy intensa o limitante","Incorpora actividad física regular como parte del manejo de la ansiedad social|Crea rutinas de regulación antes de situaciones sociales exigentes|Trabaja con un psicólogo especializado en ansiedad social — el abordaje corporal es parte del tratamiento"
"TANV","6","El trastorno de aprendizaje no verbal puede incluir dificultades propioceptivas: la conciencia del cuerpo en el espacio, la coordinación y el equilibrio pueden ser áreas de dificultad. Además, la integración sensorial visual-espacial puede afectar a la orientación en el entorno físico.","Trabaja la conciencia corporal de forma explícita: yoga, tai chi, ejercicios de equilibrio consciente|El movimiento lento y consciente puede mejorar la propiocepción mejor que el deporte de alta velocidad|Usa apoyos externos para la orientación espacial: mapas, referencias visuales, GPS|Practica actividades físicas donde el componente espacial sea simple y predecible|Trabaja con un terapeuta ocupacional si las dificultades propioceptivas afectan a las actividades cotidianas","Organiza el entorno físico de forma clara y predecible para reducir la demanda de orientación espacial|Trabaja con un terapeuta ocupacional si hay dificultades significativas de propiocepción o integración sensorial|Comunica a personas cercanas que la orientación en el espacio puede ser más difícil para ti"
